{"polyfill":["/polyfill-413ab092b5adc01fe877.js"],"app":["/app-8cdb5ffe73878f51e587.js"],"component---src-pages-e-ticket-js":["/component---src-pages-e-ticket-js-b371096a2a56333a18fb.js"],"component---src-pages-generate-link-js":["/component---src-pages-generate-link-js-85218764967f24a020e4.js"],"component---src-pages-generate-qr-js":["/component---src-pages-generate-qr-js-df974da5df06a8b41945.js"],"component---src-pages-index-js":["/component---src-pages-index-js-9a7ee58d9fc12ada0f45.js"],"chunk-photo-section":["/chunk-photo-section-f264923529ba06113f21.js"],"chunk-floating-music":["/chunk-floating-music-f26f578f9d42743fe566.js"]}