{"errors":[],"warnings":[],"namedChunkGroups":{"polyfill":{"chunks":[4,14],"assets":["webpack-runtime-9a24975dc2b1a344e06a.js","webpack-runtime-9a24975dc2b1a344e06a.js.map","polyfill-413ab092b5adc01fe877.js","polyfill-413ab092b5adc01fe877.js.map"],"children":{},"childAssets":{}},"app":{"chunks":[4,13,6],"assets":["webpack-runtime-9a24975dc2b1a344e06a.js","webpack-runtime-9a24975dc2b1a344e06a.js.map","framework-ddca7dd446fc76edf1f1.js","framework-ddca7dd446fc76edf1f1.js.map","app-8cdb5ffe73878f51e587.js","app-8cdb5ffe73878f51e587.js.map"],"children":{},"childAssets":{}},"component---src-pages-e-ticket-js":{"chunks":[0,1,2,3,9],"assets":["styles.b99018bf334049df1163.css","styles-0ec71dd62c66cb95665c.js","styles-0ec71dd62c66cb95665c.js.map","commons-33a585c8f41080bfc407.js","commons-33a585c8f41080bfc407.js.map","98774dddd078ded18b539b5f8525c1ca9d66077e-8ce93d79f5405c66e405.js","98774dddd078ded18b539b5f8525c1ca9d66077e-8ce93d79f5405c66e405.js.map","723f59d527f29687a1a37e14eb2b760506fe70dc-1c9a635b853244334a97.js","723f59d527f29687a1a37e14eb2b760506fe70dc-1c9a635b853244334a97.js.map","component---src-pages-e-ticket-js-b371096a2a56333a18fb.js","component---src-pages-e-ticket-js-b371096a2a56333a18fb.js.map"],"children":{},"childAssets":{}},"component---src-pages-generate-link-js":{"chunks":[0,1,2,10],"assets":["styles.b99018bf334049df1163.css","styles-0ec71dd62c66cb95665c.js","styles-0ec71dd62c66cb95665c.js.map","commons-33a585c8f41080bfc407.js","commons-33a585c8f41080bfc407.js.map","98774dddd078ded18b539b5f8525c1ca9d66077e-8ce93d79f5405c66e405.js","98774dddd078ded18b539b5f8525c1ca9d66077e-8ce93d79f5405c66e405.js.map","component---src-pages-generate-link-js-85218764967f24a020e4.js","component---src-pages-generate-link-js-85218764967f24a020e4.js.map"],"children":{},"childAssets":{}},"component---src-pages-generate-qr-js":{"chunks":[0,1,2,3,11],"assets":["styles.b99018bf334049df1163.css","styles-0ec71dd62c66cb95665c.js","styles-0ec71dd62c66cb95665c.js.map","commons-33a585c8f41080bfc407.js","commons-33a585c8f41080bfc407.js.map","98774dddd078ded18b539b5f8525c1ca9d66077e-8ce93d79f5405c66e405.js","98774dddd078ded18b539b5f8525c1ca9d66077e-8ce93d79f5405c66e405.js.map","723f59d527f29687a1a37e14eb2b760506fe70dc-1c9a635b853244334a97.js","723f59d527f29687a1a37e14eb2b760506fe70dc-1c9a635b853244334a97.js.map","component---src-pages-generate-qr-js-df974da5df06a8b41945.js","component---src-pages-generate-qr-js-df974da5df06a8b41945.js.map"],"children":{},"childAssets":{}},"component---src-pages-index-js":{"chunks":[0,5,1,12],"assets":["styles.b99018bf334049df1163.css","styles-0ec71dd62c66cb95665c.js","styles-0ec71dd62c66cb95665c.js.map","801a6084-7d0315eda8b83f29f775.js","801a6084-7d0315eda8b83f29f775.js.map","commons-33a585c8f41080bfc407.js","commons-33a585c8f41080bfc407.js.map","component---src-pages-index-js-9a7ee58d9fc12ada0f45.js","component---src-pages-index-js-9a7ee58d9fc12ada0f45.js.map"],"children":{},"childAssets":{}},"chunk-photo-section":{"chunks":[0,8],"assets":["styles.b99018bf334049df1163.css","styles-0ec71dd62c66cb95665c.js","styles-0ec71dd62c66cb95665c.js.map","chunk-photo-section-f264923529ba06113f21.js","chunk-photo-section-f264923529ba06113f21.js.map"],"children":{},"childAssets":{}},"chunk-floating-music":{"chunks":[7],"assets":["chunk-floating-music-f26f578f9d42743fe566.js","chunk-floating-music-f26f578f9d42743fe566.js.map"],"children":{},"childAssets":{}}},"assetsByChunkName":{"polyfill":["webpack-runtime-9a24975dc2b1a344e06a.js","polyfill-413ab092b5adc01fe877.js"],"app":["webpack-runtime-9a24975dc2b1a344e06a.js","framework-ddca7dd446fc76edf1f1.js","app-8cdb5ffe73878f51e587.js"],"component---src-pages-e-ticket-js":["styles.b99018bf334049df1163.css","styles-0ec71dd62c66cb95665c.js","commons-33a585c8f41080bfc407.js","98774dddd078ded18b539b5f8525c1ca9d66077e-8ce93d79f5405c66e405.js","723f59d527f29687a1a37e14eb2b760506fe70dc-1c9a635b853244334a97.js","component---src-pages-e-ticket-js-b371096a2a56333a18fb.js"],"component---src-pages-generate-link-js":["styles.b99018bf334049df1163.css","styles-0ec71dd62c66cb95665c.js","commons-33a585c8f41080bfc407.js","98774dddd078ded18b539b5f8525c1ca9d66077e-8ce93d79f5405c66e405.js","component---src-pages-generate-link-js-85218764967f24a020e4.js"],"component---src-pages-generate-qr-js":["styles.b99018bf334049df1163.css","styles-0ec71dd62c66cb95665c.js","commons-33a585c8f41080bfc407.js","98774dddd078ded18b539b5f8525c1ca9d66077e-8ce93d79f5405c66e405.js","723f59d527f29687a1a37e14eb2b760506fe70dc-1c9a635b853244334a97.js","component---src-pages-generate-qr-js-df974da5df06a8b41945.js"],"component---src-pages-index-js":["styles.b99018bf334049df1163.css","styles-0ec71dd62c66cb95665c.js","801a6084-7d0315eda8b83f29f775.js","commons-33a585c8f41080bfc407.js","component---src-pages-index-js-9a7ee58d9fc12ada0f45.js"],"chunk-photo-section":["styles.b99018bf334049df1163.css","styles-0ec71dd62c66cb95665c.js","chunk-photo-section-f264923529ba06113f21.js"],"chunk-floating-music":["chunk-floating-music-f26f578f9d42743fe566.js"]}}